alt,src,price,target
Vestido De Lentejuelas Iris | Color Dorado,https://superexitoec.vteximg.com.br/arquivos/ids/158376-500-500/DSC00148.jpg?v=638073207163930000,$36.99,mujer
Pijama Capri Gris Friday | Super Exito,https://superexitoec.vteximg.com.br/arquivos/ids/158405-500-500/3390200450-2.jpg?v=638073314915600000,$14.99,mujer
Pijama Capri Rosado Tiras Happy | Super Exito,https://superexitoec.vteximg.com.br/arquivos/ids/158402-500-500/3390200444-2.jpg?v=638073289486870000,$14.99,mujer
Pijama Capri Verde Tiras Happy | Super Exito,https://superexitoec.vteximg.com.br/arquivos/ids/158399-500-500/3390200441-2.jpg?v=638073285748770000,$14.99,mujer
Pijama Pantalon Largo Blanco Zebra | Super Exito,https://superexitoec.vteximg.com.br/arquivos/ids/158395-500-500/3390200350-2.jpg?v=638073283408330000,$19.99,mujer
Pantalon Chino Altounicolor Y Cinturon Tubo Tobillero Azul | Mysthique,https://superexitoec.vteximg.com.br/arquivos/ids/158790-500-500/My-project-1--23-.jpg?v=638074295641230000,$29.99,mujer
Pantalón Chino Alto Unicolor Y Cinturón Tubo Tobillero Kaki | Mysthique,https://superexitoec.vteximg.com.br/arquivos/ids/158789-500-500/My-project-1--22-.jpg?v=638074294672000000,$29.99,mujer
Pantalón Chino Alto Unicolor Y Cinturón Tubo Tobillero Negro | Mysthique,https://superexitoec.vteximg.com.br/arquivos/ids/158788-500-500/My-project-1--24-.jpg?v=638074293919030000,$29.99,mujer
Blusa Manga 3/4 Camisera Unicolor Hoja Verde,https://superexitoec.vteximg.com.br/arquivos/ids/158440-500-500/5530565577-2.jpg?v=638073368689070000,$26.99,mujer
Vestido Largo 3/4 Estampado Floral Hoja Verde,https://superexitoec.vteximg.com.br/arquivos/ids/158483-500-500/5530095358-2.jpg?v=638074005896300000,$33.00,mujer
Vestido Unicolor Cuello Redondo 3/4 Hoja Verde,https://superexitoec.vteximg.com.br/arquivos/ids/158481-500-500/5530095354-2.jpg?v=638074004545130000,$22.99,mujer
Hilo Randa Pétalo De Rosa,https://superexitoec.vteximg.com.br/arquivos/ids/158392-500-500/CAL15.png?v=638073253968970000,$2.50,mujer
Panty Algodón Bikini Pétalo De Rosa,https://superexitoec.vteximg.com.br/arquivos/ids/158390-500-500/cal3.png?v=638073251307000000,$2.99,mujer
Panty Algodón Tanga Pétalo De Rosa,https://superexitoec.vteximg.com.br/arquivos/ids/158388-500-500/CAL18.png?v=638073249735970000,$2.50,mujer
Panty Tipo Faja Levantacola Pétalo De Rosa,https://superexitoec.vteximg.com.br/arquivos/ids/158386-500-500/CAL6.png?v=638073244587500000,$5.50,mujer
Panty Tanga Costuras Invisibles Pétalo De Rosa,https://superexitoec.vteximg.com.br/arquivos/ids/158384-500-500/CAL9.png?v=638073243376170000,$3.99,mujer
Panty Bikini Costuras Invisibles Pétalo De Rosa,https://superexitoec.vteximg.com.br/arquivos/ids/158382-500-500/CAL12.png?v=638073241885900000,$3.99,mujer
Suéter Cerrado Unicolor Active USA,https://superexitoec.vteximg.com.br/arquivos/ids/158476-500-500/8551171828-2.jpg?v=638073415185630000,$22.99,mujer
Chompa Sin Capucha Con Cremallera Iris,https://superexitoec.vteximg.com.br/arquivos/ids/158473-500-500/8550072682-2.jpg?v=638073414174130000,$49.99,mujer
Jeans Slim Fit Recto Mystique | Color Negro,https://superexitoec.vteximg.com.br/arquivos/ids/158447-500-500/3383830014-2.jpg?v=638073382668130000,$29.99,mujer
Chaleco Tejido Regular Unicolor Blashe,https://superexitoec.vteximg.com.br/arquivos/ids/158471-500-500/8551330690-2.jpg?v=638073413180930000,$19.99,mujer
Chaqueta Motociclista Corta Con Cremallera Iris,https://superexitoec.vteximg.com.br/arquivos/ids/158467-500-500/8550081037-2.jpg?v=638073411948170000,$44.99,mujer
Jeans Skinny Con Bolsillo Mystique | Color Negro,https://superexitoec.vteximg.com.br/arquivos/ids/158444-500-500/3383830026-2.jpg?v=638073381360500000,$29.99,mujer
Chaleco Tejido Unicolor Zakos | Color Mostaza,https://superexitoec.vteximg.com.br/arquivos/ids/158465-500-500/9671330053-2.jpg?v=638073410902800000,$17.99,mujer
Blusa Camisera Unicolor Jadasha,https://superexitoec.vteximg.com.br/arquivos/ids/158437-500-500/2250120860-2.jpg?v=638073366511170000,$24.99,mujer
Enterizo De Tiras Estampado Floral Mystique| Color Amarillo,https://superexitoec.vteximg.com.br/arquivos/ids/158450-500-500/9022850208-2.jpg?v=638073386048100000,$33.00,mujer
Enterizo De Tiras Estampado Floral Mystique | Color Verde,https://superexitoec.vteximg.com.br/arquivos/ids/158453-500-500/9022850204-2.jpg?v=638073390304970000,$33.00,mujer
Salida De Playa Multiuso Unicolor Solei,https://superexitoec.vteximg.com.br/arquivos/ids/158575-500-500/3244110001-2.jpg?v=638074124318500000,$15.99,mujer
Short Denim Con Bolsillo Azúl Unicolor Kuska,https://superexitoec.vteximg.com.br/arquivos/ids/158460-500-500/2331130231-2.jpg?v=638073395387230000,$26.99,mujer
Traje De Baño Entero Cuello En V Vuelos Solei,https://superexitoec.vteximg.com.br/arquivos/ids/158580-500-500/3240170117-2.jpg?v=638074128735230000,$24.99,mujer
Mini Falda Demin Azúl Unicolor Kuska,https://superexitoec.vteximg.com.br/arquivos/ids/158457-500-500/2330100035-2.jpg?v=638073394023230000,$24.99,mujer
Traje De Baño Bikini Vuelos Estampado Floral Tropical Beach,https://superexitoec.vteximg.com.br/arquivos/ids/158489-500-500/5080170681-2.jpg?v=638074024058130000,$29.99,mujer
Pantalón Unicolor Playero Hoja Verde,https://superexitoec.vteximg.com.br/arquivos/ids/158463-500-500/5530035031-4.jpg?v=638073397690000000,$26.99,mujer
Traje De Baño Bikini Tiro Alto Estampado Floral Tropical Beach,https://superexitoec.vteximg.com.br/arquivos/ids/158486-500-500/5080170657-2.jpg?v=638074008040830000,$29.99,mujer
Vestido Maxi De Tiras Mystique | Color Lila,https://superexitoec.vteximg.com.br/arquivos/ids/158479-500-500/9020090562-2.jpg?v=638073997171570000,$36.99,mujer
Vestido Maxi De Tiras Mystique | Color Azúl Claro,https://superexitoec.vteximg.com.br/arquivos/ids/158442-500-500/9020090558-2.jpg?v=638073370851000000,$36.99,mujer
Falda Larga Estampado Floral Semi Ajustada Hoja Verde,https://superexitoec.vteximg.com.br/arquivos/ids/158456-500-500/5530101232-2.jpg?v=638073393167370000,$33.00,mujer
Blusa Romantic Cuello En V Hoja Verde,https://superexitoec.vteximg.com.br/arquivos/ids/158435-500-500/5530565581-2.jpg?v=638073365337630000,$22.99,mujer
Sandalia Con Hebilla Miel | Rey,https://superexitoec.vteximg.com.br/arquivos/ids/158845-500-500/TE-010-MIEL-NAPA-2-5.jpg?v=638077555637000000,$27.99,mujer
Sandalia Con Hebilla Verde | Rey,https://superexitoec.vteximg.com.br/arquivos/ids/158841-500-500/TE-010-VERDE-NAPA-4.jpg?v=638077553432530000,$27.99,mujer
Sandalia Plataforma Baja Nude | Rey,https://superexitoec.vteximg.com.br/arquivos/ids/158853-500-500/OL-006-NUDE-LONDY-2-8.jpg?v=638077557864870000,$24.99,mujer
Sandalia Plataforma Baja Celeste | Rey,https://superexitoec.vteximg.com.br/arquivos/ids/158857-500-500/OL-006-CELESTE-LONDY-5.jpg?v=638077559220870000,$24.99,mujer
Sandalia Plataforma Medio Beige | Rey,https://superexitoec.vteximg.com.br/arquivos/ids/158873-500-500/LA-006-BEIGE-ROMBO-5.jpg?v=638077565952430000,$37.99,mujer
Sandalia Plataforma Medio Blanco | Rey,https://superexitoec.vteximg.com.br/arquivos/ids/158865-500-500/LA-005-BLANCO-NAPA-5.jpg?v=638077563388300000,$37.99,mujer
Sandalia Plataforma Medio Caramelo | Rey,https://superexitoec.vteximg.com.br/arquivos/ids/158861-500-500/LA-003-MIEL-DANDY-5.jpg?v=638077562113800000,$37.99,mujer
Zapatilla Con Estampado Azúl Rosa | Ipanema,https://superexitoec.vteximg.com.br/arquivos/ids/158897-500-500/IPANEMA-26759-AH607.NEF-2.jpg?v=638077579596670000,$19.99,mujer
Zapatilla Con Estampado Marrón Línea| Ipanema,https://superexitoec.vteximg.com.br/arquivos/ids/158877-500-500/IPANEMA-27006-AJ406-5.jpg?v=638077566600100000,$19.99,mujer
Zapatilla de Cuero Llana Negro | Ipanema,https://superexitoec.vteximg.com.br/arquivos/ids/158827-500-500/IPANEMA-25226-24067-2.jpg?v=638077541171330000,$9.99,mujer
Jeans Slim Fit DNM Studio,https://superexitoec.vteximg.com.br/arquivos/ids/158269-500-500/jeans-dnmstudio-4123830025-blanco--1-.jpg?v=638065420767930000,$33.00,hombre
Pijama Claus Caballeros Arena,https://superexitoec.vteximg.com.br/arquivos/ids/157399-500-500/pijamasanta-arena-8574141736-roja--1-.jpg?v=638054415051870000,$19.99 $22.31,hombre
Boxer Unicolor MNL | Color Amarillo,https://superexitoec.vteximg.com.br/arquivos/ids/158381-500-500/Cal1.png?v=638073213081230000,$5.99,hombre
Bota Con Pasador Café Suela Blanca | Di Portini,https://superexitoec.vteximg.com.br/arquivos/ids/158914-500-500/DI-PORTINI-5826-CAFE-5.jpg?v=638077583948500000,$37.99,hombre
Zapatilla de Caucho Combinado Azúl | Venus,https://superexitoec.vteximg.com.br/arquivos/ids/158868-500-500/VENUS-AZUL-5.jpg?v=638077563740630000,$5.99,hombre
Urbano Con Pasador Blanco Suela Negra | Di Portini,https://superexitoec.vteximg.com.br/arquivos/ids/158910-500-500/DI-PORTINI-5880-BLANCO-5.jpg?v=638077583277870000,$40.00,hombre
Bota Con Pasador Negro Suela Blanca | Di Portini,https://superexitoec.vteximg.com.br/arquivos/ids/158906-500-500/DI-PORTINI-5826-NEGRO-5.jpg?v=638077581949730000,$37.99,hombre
Zapatilla de Caucho Combinado Verde | Venus,https://superexitoec.vteximg.com.br/arquivos/ids/158830-500-500/VENUS-AZUL-VERDE-5.jpg?v=638077545590370000,$5.99,hombre
Zapatilla Cuero Sintético Suela Estampada Damper | Color Azúl Beige,https://superexitoec.vteximg.com.br/arquivos/ids/158833-500-500/D6031-AZUL-2.jpg?v=638077546381970000,$12.99,hombre
Zapatilla Cuero Sintético Suela Estampada Damper | Color Café,https://superexitoec.vteximg.com.br/arquivos/ids/158803-500-500/D6036-CAFE-2.jpg?v=638077481444830000,$13.99,hombre
Zapatilla Cuero Sintético Suela Estampada Damper | Color Azúl,https://superexitoec.vteximg.com.br/arquivos/ids/158799-500-500/D6036-AZUL-2.jpg?v=638077478192800000,$13.99,hombre
Zapatilla Cuero Sintético Damper | Color Negro,https://superexitoec.vteximg.com.br/arquivos/ids/158795-500-500/D6804-NEGRO-2.jpg?v=638077473896500000,$13.99,hombre
Zapatilla Cuero Sintético Damper | Color Café,https://superexitoec.vteximg.com.br/arquivos/ids/158791-500-500/D6804-CAFE-5.jpg?v=638077470467830000,$13.99,hombre
Sueter Cuello Redondo Gris Jaspeado | Zakos,https://superexitoec.vteximg.com.br/arquivos/ids/158432-500-500/GB02-SUETER-GRIS-2.jpg?v=638073353957570000,$19.99,hombre
Camiseta Polo Earth Expedition | Color Coral Jaspeado,https://superexitoec.vteximg.com.br/arquivos/ids/158057-500-500/polo-earthexpedition-9610965604-coraljaspeado--1-.jpg?v=638064763776100000,$20.15,hombre
Camiseta Polo Earth Expedition | Color Mostaza,https://superexitoec.vteximg.com.br/arquivos/ids/158051-500-500/polo-earthexpedition-9610965616-mostaza--1-.jpg?v=638064761225330000,$20.15,hombre
Camiseta Polo Earth Expedition | Color Ladrillo,https://superexitoec.vteximg.com.br/arquivos/ids/158045-500-500/polo-earthexpedition-9610965608-ladrillo--1-.jpg?v=638064758819070000,$20.15,hombre
Camiseta Polo Earth Expedition | Color Vino,https://superexitoec.vteximg.com.br/arquivos/ids/158039-500-500/polo-earthexpedition-9610965632-vino--1-.jpg?v=638064756749030000,$20.15,hombre
Camiseta Polo Earth Expedition | Color Negro,https://superexitoec.vteximg.com.br/arquivos/ids/158035-500-500/polo-earthexpedition-9610965624-negra--1-.jpg?v=638064752191300000,$17.99,hombre
Camiseta Polo Earth Expedition | Color Menta,https://superexitoec.vteximg.com.br/arquivos/ids/158029-500-500/polo-earthexpedition-9610965612-menta--1-.jpg?v=638064748565230000,$17.99,hombre
Camiseta Polo Earth Expedition | Color Melón,https://superexitoec.vteximg.com.br/arquivos/ids/158023-500-500/polo-earthexpedition-9610965668-melon--1-.jpg?v=638064741450700000,$17.99,hombre
Camiseta Polo Earth Expedition | Color Gris Jaspeado,https://superexitoec.vteximg.com.br/arquivos/ids/158017-500-500/polo-earthexpedition-9610965652-grisjaspeado--1-.jpg?v=638064733515430000,$17.99,hombre
Camiseta Polo Earth Expedition | Color Coral,https://superexitoec.vteximg.com.br/arquivos/ids/158011-500-500/polo-earthexpedition-9610965600-coral--1-.jpg?v=638064731255930000,$17.99,hombre
Camiseta Polo Earth Expedition | Color Azúl Jaspeado,https://superexitoec.vteximg.com.br/arquivos/ids/158005-500-500/polo-earthexpedition-9610965588-azuljaspeado-1-.jpg?v=638064727529300000,$17.99,hombre
Camiseta Polo Manhattan | Color Habano,https://superexitoec.vteximg.com.br/arquivos/ids/157999-500-500/polo-manhattan-2870050131-kaki--1-.jpg?v=638064721059730000,$19.00,hombre
Bermuda Con Bolsillos Earth Expedition | Color Camel,https://superexitoec.vteximg.com.br/arquivos/ids/158263-500-500/bermuda-earthexpedition-9320113972-camel--1-.jpg?v=638065418405430000,$22.99,hombre
Bermuda Carga Earth Expedition | Color Azúl,https://superexitoec.vteximg.com.br/arquivos/ids/158256-500-500/bermudacargo-earthexpedition-9320114212-azul--1-.jpg?v=638065416097730000,$26.99,hombre
Bermuda Con Bolsillos Earth Expedition | Color Negro,https://superexitoec.vteximg.com.br/arquivos/ids/158242-500-500/bermudacinturon-gabardina-earthexpedition-9320113952-negra--1-.jpg?v=638065412697500000,$24.99,hombre
Pantaloneta Con Elástico 21547-22| Color Negro,https://superexitoec.vteximg.com.br/arquivos/ids/158237-500-500/pantaloneta-racketball-0280060354-negro--1-.jpg?v=638065411878300000,$17.99,hombre
Pantaloneta Con Elástico | Color Gris Oscuro,https://superexitoec.vteximg.com.br/arquivos/ids/158221-500-500/pantaloneta-racketball-0280060358-grispscuro--1-.jpg?v=638065408321730000,$17.99,hombre
Pantaloneta Con Elástico 21545-22| Color Negro,https://superexitoec.vteximg.com.br/arquivos/ids/158210-500-500/pantaloneta-racketball-0280060374-negro--1-.jpg?v=638065403799600000,$15.99,hombre
Pantaloneta Con Elástico | Color Azúl Petroleo,https://superexitoec.vteximg.com.br/arquivos/ids/158200-500-500/pantaloneta-racketball-0280060418-azul--1-.jpg?v=638065399682800000,$15.99,hombre
Camiseta Manga Corta Racketball | Color Negro,https://superexitoec.vteximg.com.br/arquivos/ids/158194-500-500/camiseta-mc-racketball-0280050564-negro--1-.jpg?v=638065395703500000,$10.99,hombre
Camiseta Manga Larga Racketball | Color Negro,https://superexitoec.vteximg.com.br/arquivos/ids/158189-500-500/camiseta-ml-racketball-0280050396-negro--1-.jpg?v=638065393673370000,$15.99,hombre
Camiseta Manga Corta Racketball | Color Verde,https://superexitoec.vteximg.com.br/arquivos/ids/158184-500-500/camiseta-racketball-0280050452-verde--1-.jpg?v=638065391031070000,$10.99,hombre
Camiseta Manga Corta Racketball | Color Blanco,https://superexitoec.vteximg.com.br/arquivos/ids/158180-500-500/camiseta-mc-racketball-0280050456-blanco--1-.jpg?v=638065388849400000,$9.99,hombre
Camiseta Atlética Racketball | Color Blanco,https://superexitoec.vteximg.com.br/arquivos/ids/158174-500-500/camiseta-atletica-racketball-0280050444-blanco--1-.jpg?v=638065365387300000,$9.99,hombre
Camiseta Atlética Racketball | Color Gris Oscuro,https://superexitoec.vteximg.com.br/arquivos/ids/158167-500-500/camiseta-atletica-racketball-0280050508-gris--1-.jpg?v=638065357782230000,$9.99,hombre
Camiseta Atlética Racketball | Color Negro,https://superexitoec.vteximg.com.br/arquivos/ids/158161-500-500/camiseta-atletica-racketball-0280050384-negro--1-.jpg?v=638065355554170000,$9.99,hombre
Bermuda Cargo Earth Expedition | Color Kaki,https://superexitoec.vteximg.com.br/arquivos/ids/158220-500-500/pantaloneta-cargo-earthexpedition-9320114192-kaki--1-.jpg?v=638065407804730000,$26.99,hombre
Bermuda Con Bolsillos Earth Expedition | Color Blanco,https://superexitoec.vteximg.com.br/arquivos/ids/158208-500-500/bermuda-earthexpedition-9320113942-blanco--1-.jpg?v=638065403461570000,$24.99,hombre
Camiseta Estampada Velvet Nexxos | Color Negro,https://superexitoec.vteximg.com.br/arquivos/ids/158139-500-500/camiseta-velvetsunset-nexxos-8640962389-negra--1-.jpg?v=638064796872000000,$10.99,hombre
Camiseta Estampada Old School Nexxos | Color Azúl Marino,https://superexitoec.vteximg.com.br/arquivos/ids/158136-500-500/camiseta-oldschool-nexxos-8640962325-azulmarino--1-.jpg?v=638064795103100000,$10.99,hombre
Camiseta Estampada Numbers Nexxos | Color Vino,https://superexitoec.vteximg.com.br/arquivos/ids/158129-500-500/camiseta-numbers-nexxos-8640962533-vino--1-.jpg?v=638064792916930000,$10.99,hombre
Camiseta Estampada Society Nexxos | Color Rojo,https://superexitoec.vteximg.com.br/arquivos/ids/158122-500-500/camiseta-society-nexxos-8640962677-rojo-i--1-.jpg?v=638064790741130000,$10.99,hombre
Camiseta Estampada Forward Nexxos | Color Mostaza,https://superexitoec.vteximg.com.br/arquivos/ids/158115-500-500/camiseta-forward-nexxos-8640962537-mostaza--1-.jpg?v=638064788792230000,$10.99,hombre
Camiseta Estampada Mistake Nexxos | Color Azúl Marino,https://superexitoec.vteximg.com.br/arquivos/ids/158108-500-500/camiseta-mistaken-nexxos-8640962401-azul--1-.jpg?v=638064786765500000,$10.99,hombre
Camiseta Estampada Minimalism Nexxos | Color Blanco,https://superexitoec.vteximg.com.br/arquivos/ids/158101-500-500/camiseta-minimalismprism-nexxos-8640962649-blanca--1-.jpg?v=638064783971700000,$13.99,hombre
Jogger Unicolor Tubo Memphis,https://superexitoec.vteximg.com.br/arquivos/ids/158729-500-500/2734080048-2.jpg?v=638074256355200000,$33.00,mujer
Chompa Con Capucha Unicolor Active USA,https://superexitoec.vteximg.com.br/arquivos/ids/158719-500-500/8550072665-2.jpg?v=638074253910500000,$40.00,mujer
Camiseta Corta Estampada Bloom Teen,https://superexitoec.vteximg.com.br/arquivos/ids/158709-500-500/8570055002-2.jpg?v=638074252231700000,$14.99,mujer
Camiseta Corta Estampada Spring Break Mishell | Color Lila,https://superexitoec.vteximg.com.br/arquivos/ids/158704-500-500/9370054098-2.jpg?v=638074250800270000,$9.99,mujer
Camiseta Corta Estampada Mishell | Color Crudo,https://superexitoec.vteximg.com.br/arquivos/ids/158701-500-500/9370054102-2.jpg?v=638074249387130000,$9.99,mujer
Camiseta Corta Estampada Mishell | Color Jade,https://superexitoec.vteximg.com.br/arquivos/ids/158693-500-500/9370054082-2.jpg?v=638074246458000000,$9.99,mujer
Camiseta Corta Estampada Mishell | Color Beige,https://superexitoec.vteximg.com.br/arquivos/ids/158685-500-500/9370054090-2.jpg?v=638074241765330000,$9.99,mujer
Camiseta Corta Estampada Mishell | Color Fucsia,https://superexitoec.vteximg.com.br/arquivos/ids/158682-500-500/9370054106-2.jpg?v=638074238833030000,$9.99,mujer
Mini Falda Short Unicolor Memphis | Color Blanco,https://superexitoec.vteximg.com.br/arquivos/ids/158672-500-500/2730100060-2.jpg?v=638074231379230000,$24.99,mujer
Camiseta Corta Estampada Sky Bloom Teen,https://superexitoec.vteximg.com.br/arquivos/ids/158664-500-500/8570055090-2.jpg?v=638074229118600000,$17.99,mujer
Short Denim Unicolor DNM Studio,https://superexitoec.vteximg.com.br/arquivos/ids/158661-500-500/4121130026-2.jpg?v=638074227038000000,$24.99,mujer
Bikini Estampado Cachetero Tropical Beach,https://superexitoec.vteximg.com.br/arquivos/ids/158649-500-500/5080170760-2.jpg?v=638074221120070000,$26.99,mujer
Camisa De Randa Unicolor L.K. Junior,https://superexitoec.vteximg.com.br/arquivos/ids/158655-500-500/4167-61-2.jpg?v=638074223397700000,$12.99,mujer
Overol Falda Denim Con Detalle Roto Memphis,https://superexitoec.vteximg.com.br/arquivos/ids/158637-500-500/2730140011-2.jpg?v=638074216117430000,$29.99,mujer
Camiseta Sisa Estampada Bloom Teen,https://superexitoec.vteximg.com.br/arquivos/ids/158630-500-500/8570055066-2.jpg?v=638074212371600000,$9.99,mujer
Bikini Tres Piezas Estampado Acqua,https://superexitoec.vteximg.com.br/arquivos/ids/158770-500-500/140170321-2.jpg?v=638074281930600000,$33.00,mujer
Vestido Corto Bloom Teen,https://superexitoec.vteximg.com.br/arquivos/ids/158623-500-500/8570090994-2.jpg?v=638074206867170000,$24.99,mujer
Bikini Manga Larga Estampado Acqua,https://superexitoec.vteximg.com.br/arquivos/ids/158613-500-500/3140170325-2.jpg?v=638074204297100000,$29.99,mujer
Mini Falda Denim Unicolor Memphis,https://superexitoec.vteximg.com.br/arquivos/ids/158605-500-500/2730100136-2.jpg?v=638074201286900000,$27.99,mujer
Camiseta Corta Estampada Tierra Querida Mishell,https://superexitoec.vteximg.com.br/arquivos/ids/158598-500-500/9370054094-2.jpg?v=638074198917570000,$9.99,mujer
Camiseta Estampada Stay Cool Bloom Teen,https://superexitoec.vteximg.com.br/arquivos/ids/158362-500-500/camiseta-staycool-bloomteen-8570054972-negra--1-.jpg?v=638065475680800000,$14.99,mujer
Camiseta HoHoHo Bloom Teen |Color Negro,https://superexitoec.vteximg.com.br/arquivos/ids/158358-500-500/camiseta-hohoho-bloomteen-8570054892-negro--1-.png?v=638065473972330000,$8.99,mujer
Camiseta HoHoHo Bloom Teen |Color Blanco,https://superexitoec.vteximg.com.br/arquivos/ids/158305-500-500/camiseta-hohoho-bloomteen-8570054881-blanco--1-.png?v=638065451083570000,$8.99,mujer
Camiseta Merry Christmas Bloom Teen |Color Azúl,https://superexitoec.vteximg.com.br/arquivos/ids/158298-500-500/camiseta-merrychristmas-bloomteen-8570054873-azul--1-.png?v=638065449125030000,$8.99,mujer
Camiseta Merry Bloom Teen |Color Blanco,https://superexitoec.vteximg.com.br/arquivos/ids/158294-500-500/camiseta-merry-bloomteen-8570054893-blanco--1-.png?v=638065446911170000,$8.99,mujer
Short Denim DNM Studio,https://superexitoec.vteximg.com.br/arquivos/ids/157610-500-500/4121130033-8.jpg?v=638055286084930000,$24.99,mujer
Pantalón Palazzo Hoja Verde,https://superexitoec.vteximg.com.br/arquivos/ids/156648-500-500/pantalon-palazzo-hojaverde-5530034914-rojo--1-.jpg?v=638048634118830000,$29.99,mujer
Blusa de Tiras Drapeada L.K. Junior,https://superexitoec.vteximg.com.br/arquivos/ids/156642-500-500/blusa-tiras-drapeada-lk-6540565191-palorosa--1-.jpg?v=638048632096400000,$14.99,mujer
Blusa Cuello V Cuerina Hoja Verde,https://superexitoec.vteximg.com.br/arquivos/ids/156615-500-500/blusa-cuellov-cuerina-hojaverde-5530565553-plata-1-.jpg?v=638048476501630000,$22.99,mujer
Blusa Ruchada de Tiras Mystique,https://superexitoec.vteximg.com.br/arquivos/ids/156580-500-500/blusa-ruchada-tiras-3230120425-mystique--1-.jpg?v=638048464291770000,$17.99,mujer
Chaqueta Denim Memphis,https://superexitoec.vteximg.com.br/arquivos/ids/156574-500-500/chaqueta-denim-2730080110-memphis--1-.jpg?v=638048462530900000,$34.99,mujer
Blusa Unicolor Soho,https://superexitoec.vteximg.com.br/arquivos/ids/156562-500-500/top-siza-sohowomen-9740122153-lila--1-.jpg?v=638048458658400000,$17.99,mujer
Blusa de Tiras L.K. Junior,https://superexitoec.vteximg.com.br/arquivos/ids/156548-500-500/blusa-tiras-lk-6540565179-negra--2-.jpg?v=638048451199570000,$19.99,mujer
Falda Short L.K. Junior,https://superexitoec.vteximg.com.br/arquivos/ids/156525-500-500/falda-short-lk-6540101650-lilablanca--1-.jpg?v=638048432062500000,$22.99,mujer
Camiseta de Tiras Estampada L.K. Junior,https://superexitoec.vteximg.com.br/arquivos/ids/156512-500-500/camiseta-tiras-lk-6540052736-variado--1-.jpg?v=638048374626430000,$12.99,mujer
Blusa Estampada Bow Woman,https://superexitoec.vteximg.com.br/arquivos/ids/156490-500-500/blusa-estampada-bowwomen-0290120490-naranja--1-.jpg?v=638048366008730000,$22.99,mujer
Jeans Wide Leg Amehn,https://superexitoec.vteximg.com.br/arquivos/ids/156480-500-500/jeans-wideleg-amhen-0743833072-celeste--1-.jpg?v=638048358845900000,$34.99,mujer
Short Denim Mystique Teens,https://superexitoec.vteximg.com.br/arquivos/ids/157323-500-500/short-denim-mystique-3381130023-azul--1-.jpg?v=638053869992800000,$24.99,mujer
Blusa Unicolor Soho Woman | Color Blanco,https://superexitoec.vteximg.com.br/arquivos/ids/156466-500-500/blusa-unicolor-sohowomen-9740122269-blanco--1-.jpg?v=638048349472930000,$17.99,mujer
Blusa Unicolor Soho Woman | Color Negro,https://superexitoec.vteximg.com.br/arquivos/ids/157782-500-500/My-project-1--4-.jpg?v=638058510871570000,$17.99,mujer
Blusa Unicolor Soho Woman | Color Naranja,https://superexitoec.vteximg.com.br/arquivos/ids/156460-500-500/blusa-unicolor-sohowoman-9740122137-naranja--1-.jpg?v=638048131923400000,$17.99,mujer
Blusa Unicolor Soho Woman | Color Morado,https://superexitoec.vteximg.com.br/arquivos/ids/156454-500-500/blusa-unicolor-sohowoman-9740122133-morado--1-.jpg?v=638048130427030000,$17.99,mujer
Blusa Corta Crop Top Bow Woman,https://superexitoec.vteximg.com.br/arquivos/ids/156447-500-500/blusacorta-bowoman-0290120502-multicolor--1-.jpg?v=638048128117430000,$24.99,mujer
Chaqueta Vaquera Yea Teens,https://superexitoec.vteximg.com.br/arquivos/ids/157315-500-500/chaqueta-vaquera-yea-2920080245-beige--1-.jpg?v=638053867175700000,$33.00,mujer
Blusa Camisera Crop Top Popelina,https://superexitoec.vteximg.com.br/arquivos/ids/156402-500-500/blusa-croptop-popelima-6540565239-lilarosada--1-.jpg?v=638047831753530000,$17.99,mujer
Jeans Cargo Mystique Teens,https://superexitoec.vteximg.com.br/arquivos/ids/156068-500-500/jeans-cargo-mystique-3383830163-azulmedio--1-.jpg?v=638043491022970000,$29.99,mujer
Pantaloneta Con Elastico Rosado Palmeras| Spicy Tuna,https://superexitoec.vteximg.com.br/arquivos/ids/158785-500-500/3350060218-2.jpg?v=638074293401430000,$22.99,hombre
Pantaloneta Con Cordon Azul Marino Blanco | Occ Sport & Street,https://superexitoec.vteximg.com.br/arquivos/ids/158748-500-500/2590060034-2.jpg?v=638074270914130000,$17.99,hombre
Pantaloneta Con Elastico Azul | Spicy Tuna,https://superexitoec.vteximg.com.br/arquivos/ids/158783-500-500/3350060127-2.jpg?v=638074292048170000,$22.99,hombre
Pantaloneta Con Cordon Azul Hojas | Occ Sport & Street,https://superexitoec.vteximg.com.br/arquivos/ids/158777-500-500/4000060082-2.jpg?v=638074284666200000,$17.99,hombre
Pantaloneta Con Cordon Azul | Occ Sport & Street,https://superexitoec.vteximg.com.br/arquivos/ids/158774-500-500/4000060062-2.jpg?v=638074282612830000,$17.99,hombre
Pantaloneta Con Cordon Coral | Occ Sport & Street,https://superexitoec.vteximg.com.br/arquivos/ids/158767-500-500/4000060072-2.jpg?v=638074280953570000,$17.99,hombre
Camiseta Atletica Azul Marino | Occ Sport & Street,https://superexitoec.vteximg.com.br/arquivos/ids/158761-500-500/OCMC22R07-2.jpg?v=638074277564100000,$10.99,hombre
Camiseta con Estampado Celeste de algodón | Occ Sport & Street,https://superexitoec.vteximg.com.br/arquivos/ids/158755-500-500/2590050713-2.jpg?v=638074272884300000,$15.99,hombre
Camiseta Atletica Blanco | Occ Sport & Street,https://superexitoec.vteximg.com.br/arquivos/ids/158740-500-500/2590050717-2.jpg?v=638074269115830000,$10.99,hombre
Pantaloneta Con Cordon Azul Marino | Occ Sport & Street,https://superexitoec.vteximg.com.br/arquivos/ids/158724-500-500/2590060038-2.jpg?v=638074254704400000,$17.99,hombre
Camiseta con Estampado Blanco de algodón | Occ Sport & Street,https://superexitoec.vteximg.com.br/arquivos/ids/158713-500-500/2590050709-2.jpg?v=638074252655400000,$9.99,hombre
Pantaloneta Con Elastico Rosado | Spicy Tuna,https://superexitoec.vteximg.com.br/arquivos/ids/158780-500-500/3350060194-2.jpg?v=638074290481700000,$27.99,hombre
Camisa Manga Corta Estampada Comic Blanca Gris Alexander Julian,https://superexitoec.vteximg.com.br/arquivos/ids/157914-500-500/camisa-mangacorta-alexanderjulian-2160010800-gris--1-.jpg?v=638060455826770000,$22.99,hombre
Camisa Manga Corta Estampada Comic Blanca Alexander Julian,https://superexitoec.vteximg.com.br/arquivos/ids/157908-500-500/camisa-mangacorta-comic-lk-2160010796-blanco--1-.jpg?v=638060449801200000,$22.99,hombre
Camisa Manga Corta Estampada Letras Blanca Alexander Julian,https://superexitoec.vteximg.com.br/arquivos/ids/157902-500-500/camisa-mangacorta-alexanderjulian-letras-2160010808-blanca--1-.jpg?v=638060447147930000,$22.99,hombre
Camiseta Estampada Unlimited Nexxos |Color Blanco,https://superexitoec.vteximg.com.br/arquivos/ids/157698-500-500/camiseta-unlimited-nexxos-8640962725-blanco--1-.jpg?v=638055339920530000,$10.99,hombre
Camiseta Estampada Wild Instinct Nexxos |Color Azul Marino,https://superexitoec.vteximg.com.br/arquivos/ids/157685-500-500/camisetatigre-nexxos-8640962653-azul--1-.jpg?v=638055333798370000,$13.99,hombre
Camiseta Estampada Madness Nexxos |Color Azúl Claro,https://superexitoec.vteximg.com.br/arquivos/ids/157664-500-500/camiseta-madness-nexxos-8640962797-celeste--1-.jpg?v=638055323601830000,$10.99,hombre
Camiseta Cuello en V Verano | Color Gris Oscuro,https://superexitoec.vteximg.com.br/arquivos/ids/157624-500-500/camiseta-cuellov-verano-3620984505-grisoscuro--1-.jpg?v=638055304235870000,$7.99,hombre
Camiseta Cuello en V Verano | Color Celeste I,https://superexitoec.vteximg.com.br/arquivos/ids/157618-500-500/camiseta-cuellov-arena-3620983858-celestei--1-.jpg?v=638055290516230000,$7.99,hombre
Jeans Skinny Fit Kevin,https://superexitoec.vteximg.com.br/arquivos/ids/156831-500-500/jeans-kevin-1133831443-azulclaro--1-.jpg?v=638049157428700000,$31.99,hombre
Camiseta Cuello en V Verano | Color Verde Claro,https://superexitoec.vteximg.com.br/arquivos/ids/157836-500-500/camiseta-cuellov-verano-3620985425-verde--1-.jpg?v=638058597838500000,$7.99,hombre
Camiseta Cuello en V Verano | Color Coral,https://superexitoec.vteximg.com.br/arquivos/ids/157849-500-500/camiseta-cuellov-arena-3620985421-coral--1-.jpg?v=638058636794500000,$7.99,hombre
Camiseta Cuello en V Verano | Color Celeste,https://superexitoec.vteximg.com.br/arquivos/ids/157855-500-500/camiseta-cuellov-verano-3620985429-celeste--1-.jpg?v=638058641718000000,$7.99,hombre
Camiseta Cuello en V Verano | Color Amarillo,https://superexitoec.vteximg.com.br/arquivos/ids/157842-500-500/camiseta-cuellov-arena-3620985417-amarillo--1-.jpg?v=638058600972600000,$7.99,hombre
Camiseta Cuello Nerú Verano | Color Verde Militar,https://superexitoec.vteximg.com.br/arquivos/ids/156815-500-500/camiseta-cuelloneru-verano-3620985404-verdemilitar--1-.jpg?v=638049147889030000,$13.99,hombre
Camiseta Cuello Nerú Verano | Color Gris Oscuro,https://superexitoec.vteximg.com.br/arquivos/ids/156795-500-500/camiseta-cuelloneru-3620985412-gris--1-.jpg?v=638049125740930000,$13.99,hombre
Camiseta Cuello en V Verano | Color Negro,https://superexitoec.vteximg.com.br/arquivos/ids/156783-500-500/camiseta-cuellov-arena-3620985392-negra--1-.jpg?v=638049123222400000,$7.99,hombre
Camiseta Cuello en V Verano | Color Gris Jaspeado,https://superexitoec.vteximg.com.br/arquivos/ids/156777-500-500/camiseta-cuellov-arena-3620985396-grisjaspeado--1-.jpg?v=638049122153700000,$7.99,hombre
Camiseta Cuello en V Verano | Color Blanco,https://superexitoec.vteximg.com.br/arquivos/ids/156771-500-500/camiseta-cuellov-arena-3620985388-blanca--1-.jpg?v=638049121035500000,$7.99,hombre
Camiseta Cuello en V Verano | Color Azul Marino,https://superexitoec.vteximg.com.br/arquivos/ids/156765-500-500/camiseta-cuellov-arena-3620985400-azulmarino--1-.jpg?v=638049118274300000,$7.99,hombre
Jeans Skinny Fit Heisman | Azul Medio,https://superexitoec.vteximg.com.br/arquivos/ids/156754-500-500/jeans-heisman-1843831845-azulmedio--1-.jpg?v=638049007652430000,$26.99,hombre
Camisa Manga Corta Estampada Negra Alexander Julian,https://superexitoec.vteximg.com.br/arquivos/ids/157946-500-500/camisa-mangacorta-alexanderjulian-2160010820-negra--1-.jpg?v=638061418404830000,$22.99,hombre
Camiseta Estampada Alexander Julian | Color Blanco,https://superexitoec.vteximg.com.br/arquivos/ids/157712-500-500/camisetaestampada-alexanderjulian-0811826654-blanca--1-.jpg?v=638056065794870000,$12.00,hombre
Jeans Skinny Fit Heisman | Color Negro,https://superexitoec.vteximg.com.br/arquivos/ids/156742-500-500/jeans-heisman-1843831962-negro--1-.jpg?v=638049003967730000,$26.99,hombre
Jogger Unicolor Heisman | Color Negro,https://superexitoec.vteximg.com.br/arquivos/ids/156720-500-500/jogger-heisman-1844080101-negro--1-.jpg?v=638048994469330000,$26.99,hombre
Jeans Skinny Fit Heisman | Azul Claro,https://superexitoec.vteximg.com.br/arquivos/ids/156714-500-500/jeans-heisman-1843831850-azulclaro--10-.jpg?v=638048988688800000,$26.99,hombre
Camiseta Bloques de Colores Hoja Verde,https://superexitoec.vteximg.com.br/arquivos/ids/156698-500-500/camiseta-bloques-hojaverde-5530965596-blanca--1-.jpg?v=638048984838730000,$15.99,hombre
Buso Estampado Hoja Verde,https://superexitoec.vteximg.com.br/arquivos/ids/156690-500-500/buso-estampado-hojaverde-5530134584-roj--1-.jpg?v=638048982341800000,$28.99,hombre
Jeans Skinny Fit Heisman | Azul Oscuro,https://superexitoec.vteximg.com.br/arquivos/ids/156687-500-500/jeans-heisman-1843831855-azuloscuro--1-.jpg?v=638048981075300000,$26.99,hombre
Camisa a Cuadros Con Capucha Doumerch,https://superexitoec.vteximg.com.br/arquivos/ids/156679-500-500/camisacuadros-concapucha-dourmerch-4070010005-azul--1-.jpg?v=638048979177030000,$27.99,hombre
Terno De Baño 2 Piezas Blanco Perrito | Lucboo,https://superexitoec.vteximg.com.br/arquivos/ids/158657-500-500/2560170087-2.jpg?v=638074223770400000,$16.99,infante
Terno De Baño Estampado Azul 1Pza| Lucboo,https://superexitoec.vteximg.com.br/arquivos/ids/158653-500-500/2560170081-2.jpg?v=638074222430130000,$14.99,infante
Pantaloneta Estampado Azul Electrico | Lucboo,https://superexitoec.vteximg.com.br/arquivos/ids/158765-500-500/2560060067-2.jpg?v=638074280622430000,$9.99,infante
Pantaloneta Estampado Azul Marino | Lucboo,https://superexitoec.vteximg.com.br/arquivos/ids/158584-500-500/2560060067-2.jpg?v=638074143639430000,$9.99,infante
Terno De Baño 2 Piezas Verde Neon | Lucboo,https://superexitoec.vteximg.com.br/arquivos/ids/158689-500-500/2560170090-2.jpg?v=638074242869870000,$16.99,infante
Bermuda Con Cordón Hang Ten,https://superexitoec.vteximg.com.br/arquivos/ids/157042-500-500/bermudaconcordon-hangten-0270110415-azul--1-.jpg?v=638049494094900000,$19.99,infante
Buso Robot Acuatex,https://superexitoec.vteximg.com.br/arquivos/ids/157719-500-500/buso-robot-1080130555-acuatex--1-.jpg?v=638056077038170000,$14.99,infante
Conjunto Robot Beep Beep Acuatex,https://superexitoec.vteximg.com.br/arquivos/ids/157004-500-500/conjunto-robot-beepbeep-1080040833-acuatex--1-.jpg?v=638049264814470000,$19.99,infante
Conjunto Robot Acuatex,https://superexitoec.vteximg.com.br/arquivos/ids/157003-500-500/conjunto-robot-acuatex-1080040830-azul--1-.jpg?v=638049264669770000,$14.99,infante
Conjunto Robot Hebo Acuatex,https://superexitoec.vteximg.com.br/arquivos/ids/157002-500-500/conjunto-hebo-acuatex-1080040827-blanco--1-.jpg?v=638049264534600000,$14.99,infante
Camiseta Rayas Angel Baby,https://superexitoec.vteximg.com.br/arquivos/ids/156875-500-500/camiseta-rayas-angelbaby-7400053260-blancazul--1-.jpg?v=638049218131170000,$9.99,infante
Camisa Happy Angel Baby,https://superexitoec.vteximg.com.br/arquivos/ids/156873-500-500/camisa-happy-angelbaby-7400010378-azul--1-.jpg?v=638049217261930000,$17.99,infante
Bermuda Estampada Angel Baby,https://superexitoec.vteximg.com.br/arquivos/ids/156862-500-500/bermuda-estampada-angelbaby-7400110225-rojo--1-.jpg?v=638049210167100000,$9.99,infante
Camiseta Yeah Angel Baby,https://superexitoec.vteximg.com.br/arquivos/ids/156860-500-500/camisetayeah-angelbaby-7400053266-blanco--1-.jpg?v=638049209508500000,$9.99,infante
Pantalón Deportivo Angel Baby,https://superexitoec.vteximg.com.br/arquivos/ids/156858-500-500/calentador-angelbaby-7400031200-celeste--1-.jpg?v=638049208061900000,$16.99,infante
Chompa Estampada Angel Baby,https://superexitoec.vteximg.com.br/arquivos/ids/156857-500-500/chompa-estampada-7400071189-angelbaby--1-.jpg?v=638049206754970000,$19.00,infante
Jeans Con Bolsillo Republic Expressions,https://superexitoec.vteximg.com.br/arquivos/ids/157833-500-500/jeans-conbolsillo-bebe-republicexpressions-1553834969-azul--1-.jpg?v=638058591762330000,$21.99,infante
Camiseta Sisa Amarillo Estampado Playa | Acuarelatex,https://superexitoec.vteximg.com.br/arquivos/ids/158745-500-500/1080052782-2.jpg?v=638074270241100000,$8.99,nino
Chaqueta Con Capucha Negro | Promask,https://superexitoec.vteximg.com.br/arquivos/ids/158627-500-500/3570080004-2.jpg?v=638074209083430000,$27.99,nino
Camisa Manga Larga Azul Cuadrados| Expect,https://superexitoec.vteximg.com.br/arquivos/ids/158625-500-500/5433853779-2.jpg?v=638074207335770000,$22.99,nino
Bermuda Con Elastico Azul Marino Playa| Occ Sport & Street,https://superexitoec.vteximg.com.br/arquivos/ids/158604-500-500/2590110023-2.jpg?v=638074201246300000,$14.99,nino
Camiseta Manga Corta Amarillo Con Estampado| Occ Sport & Street,https://superexitoec.vteximg.com.br/arquivos/ids/158601-500-500/2590050641-2.jpg?v=638074199355900000,$12.99,nino
Bermuda Con Bolsillo Azul Claro Con Roto | Repulic Expression,https://superexitoec.vteximg.com.br/arquivos/ids/158594-500-500/1550111755-2.jpg?v=638074192642230000,$20.01,nino
Conjunto Amarillo Pantalon Corto Rayas | Lucboo,https://superexitoec.vteximg.com.br/arquivos/ids/158670-500-500/2560040372-2.jpg?v=638074230675300000,$14.99,nino
Camiseta Sisa Coral Estampado Playa| Acuarelatex,https://superexitoec.vteximg.com.br/arquivos/ids/158757-500-500/1080052778-2.jpg?v=638074274981570000,$8.99,nino
Conjunto Amarillo Pantalon Corto Rayas | Lucboo,https://superexitoec.vteximg.com.br/arquivos/ids/158675-500-500/54197-2.jpg?v=638074232599370000,$14.99,nino
Short Con Elastico Azul Marino | Johnny Fox,https://superexitoec.vteximg.com.br/arquivos/ids/158650-500-500/2561130111-2.jpg?v=638074221194870000,$9.99,nino
Buso Estampado Azul Marino | Azul Marino,https://superexitoec.vteximg.com.br/arquivos/ids/158647-500-500/2560130130-2.jpg?v=638074219581500000,$14.99,nino
Camiseta Sisa Celeste Tiburon| Acuarelatex,https://superexitoec.vteximg.com.br/arquivos/ids/158500-500-500/1080052786-2.jpg?v=638074069914930000,$8.99,nino
Pijama Claus Niño Arena,https://superexitoec.vteximg.com.br/arquivos/ids/157556-500-500/pijama-santa-ni%C2%A4o-arena-8574141720-rojo-1-.jpg?v=638054753775830000,$17.99,nino
Camiseta Historieta Hoja Verde,https://superexitoec.vteximg.com.br/arquivos/ids/156936-500-500/camiseta-historieta-hojaverde-5530965504-blanco-1-.jpg?v=638049244033200000,$14.99,nino
Camiseta Bicolor OCC,https://superexitoec.vteximg.com.br/arquivos/ids/156914-500-500/camiseta-bicolor-occ-2590050605-azul--1-.jpg?v=638049238127270000,$9.99,nino
Calentador Estampado OCC,https://superexitoec.vteximg.com.br/arquivos/ids/156885-500-500/calentador-estampado-occ-2590870065-azul--1----copia.jpg?v=638049222789930000,$19.99,nino
Buso Estampado OCC,https://superexitoec.vteximg.com.br/arquivos/ids/156878-500-500/buso-estampado-occ-2590130269-azul--1-.jpg?v=638049219710070000,$19.99,nino
Bermuda Con Bolsillo Camel | Earth Expedition,https://superexitoec.vteximg.com.br/arquivos/ids/158620-500-500/9320114407-2.jpg?v=638074205959130000,$22.99,nino
Camisa Manga 3/4 Azul Jean | Johnny Fox,https://superexitoec.vteximg.com.br/arquivos/ids/158614-500-500/2560010021-2.jpg?v=638074204697630000,$22.99,nino
Camiseta Manga Corta Amarillo Estampado | Sneak,https://superexitoec.vteximg.com.br/arquivos/ids/158610-500-500/8420961401-2.jpg?v=638074203169930000,$15.99,nino
Camiseta Manga Corta Lila Estampado| Lucboo,https://superexitoec.vteximg.com.br/arquivos/ids/158591-500-500/2560080495-2.jpg?v=638074189517530000,$12.00,nino
Short Con Elastico Y Estampado| Johnny Fox,https://superexitoec.vteximg.com.br/arquivos/ids/158589-500-500/2561130133-2.jpg?v=638074187506400000,$10.98,nino
Buso Manga Larga Negra | Johnny Fox,https://superexitoec.vteximg.com.br/arquivos/ids/158586-500-500/2560130154-2.jpg?v=638074149299200000,$14.99,nino
Camiseta Sisa Celeste Estampado Playa | Acuarelatex,https://superexitoec.vteximg.com.br/arquivos/ids/158751-500-500/1080052796-2.jpg?v=638074272197370000,$8.99,nino
Camiseta Sisa Amarillo Estampado What Ever Playa | Acuarelatex,https://superexitoec.vteximg.com.br/arquivos/ids/158736-500-500/1080052792-2.jpg?v=638074259405770000,$8.99,nino
Camiseta Sisa Gris Estampado Playa | Acuarelatex,https://superexitoec.vteximg.com.br/arquivos/ids/158732-500-500/1080052788-2.jpg?v=638074257101400000,$8.99,nino
Calentador Con Elastico Azul Marino Letras | Earth Expedition,https://superexitoec.vteximg.com.br/arquivos/ids/158723-500-500/9610870106-2.jpg?v=638074254667900000,$22.99,nino
Buso Con Capucha Azul Marino Franjas Verdes| Earth Expedition,https://superexitoec.vteximg.com.br/arquivos/ids/158707-500-500/9610130138-2.jpg?v=638074251871770000,$24.99,nino
Calentador Con Elastico Azul Acero | Earth Expedition,https://superexitoec.vteximg.com.br/arquivos/ids/158698-500-500/9610870102-2.jpg?v=638074248917800000,$22.99,nino
Chompa Con Capucha Azul Franjas Blancas | Earth Expedition,https://superexitoec.vteximg.com.br/arquivos/ids/158692-500-500/9610070142-2.jpg?v=638074246438900000,$26.99,nino
Terno De Baño 2 Piezas Azul Marino y Negro | Azul Turquesa,https://superexitoec.vteximg.com.br/arquivos/ids/158679-500-500/3140170198-2.jpg?v=638074237249700000,$24.99,nino
Terno De Baño 2 Piezas Turquesa | Azul Turquesa,https://superexitoec.vteximg.com.br/arquivos/ids/158644-500-500/3140170202-2.jpg?v=638074217779730000,$24.99,nino
Pantaloneta Con Cordon Azul Franjas | Kanu Surf,https://superexitoec.vteximg.com.br/arquivos/ids/158636-500-500/3445-22-2.jpg?v=638074216113700000,$19.99,nino
Pantaloneta Con Cordon Rojo Playa | Kanu Surf,https://superexitoec.vteximg.com.br/arquivos/ids/158633-500-500/3360060015-2.jpg?v=638074214089000000,$19.99,nino
Pantaloneta Con Cordon Agua Marina Franjas | Kanu Surf,https://superexitoec.vteximg.com.br/arquivos/ids/158508-500-500/3445-22-2.jpg?v=638074072813800000,$19.99,nino
Pantalón Gabardina American,https://superexitoec.vteximg.com.br/arquivos/ids/158347-500-500/pantalon-americanjeans-4080944993-verdeolivo--1-.jpg?v=638065467736670000,$24.99,nino
Salida de Cama Niños Arena,https://superexitoec.vteximg.com.br/arquivos/ids/157580-500-500/salidadecama-arena-ni%C2%A4os-8571110380-azul--1-.jpg?v=638054760338400000,$24.99,nino
Pantalón Con Bolsillo Hang Ten | Color Gris Oscuro,https://superexitoec.vteximg.com.br/arquivos/ids/157092-500-500/pantalon-bolsillos-hangten-0270030190-grisoscuro--1-.jpg?v=638049508904700000,$26.99,nino
Pantalón Con Bolsillo Hang Ten | Color Verde Olivo,https://superexitoec.vteximg.com.br/arquivos/ids/157086-500-500/pantalon-hangten-0270030184-verdeolivo--1-.jpg?v=638049506477400000,$26.99,nino
Pantalón Cargo Hang Ten | Color Kaki,https://superexitoec.vteximg.com.br/arquivos/ids/157068-500-500/pantalon-cargo-hangten-0270030214-kaki--1-.jpg?v=638049501063800000,$26.99,nino
Jeans Con Bolsillo Hang Ten | Color Azul Medio,https://superexitoec.vteximg.com.br/arquivos/ids/157060-500-500/jeans-hangten-0273830342-azulmedio--1-.jpg?v=638049499220930000,$26.99,nino
Camiseta Sport Hang Ten,https://superexitoec.vteximg.com.br/arquivos/ids/157053-500-500/camiseta-sport-hangten-0270056944-negro--1-.jpg?v=638049497472300000,$17.99,nino
Jeans Con Bolsillo Hang Ten | Color Azul Claro,https://superexitoec.vteximg.com.br/arquivos/ids/157045-500-500/jeans-hangten-0273830333-azulclaro--1-.jpg?v=638049495155370000,$26.99,nino
Camiseta Games Sneak,https://superexitoec.vteximg.com.br/arquivos/ids/157001-500-500/camiseta-gamers-sneak-8420961372-azulacero--1-.jpg?v=638049264397530000,$15.99,nino
Camiseta Astronauts Sneak,https://superexitoec.vteximg.com.br/arquivos/ids/156999-500-500/camiseta-astronautas-sneak-8420961352-azul--1-.jpg?v=638049264103300000,$15.99,nino
Camiseta Next Level Sneak,https://superexitoec.vteximg.com.br/arquivos/ids/157827-500-500/camiseta-nextlevel-sneak-8420961385-amarillo--1-.jpg?v=638058566505500000,$15.99,nino
Camiseta Planets Sneak,https://superexitoec.vteximg.com.br/arquivos/ids/156980-500-500/camiseta-planets-sneak-8420961420-celeste--1-.jpg?v=638049257641830000,$15.99,nino
Camiseta Estampada Jhonny Fox,https://superexitoec.vteximg.com.br/arquivos/ids/156973-500-500/camiseta-estampada-jhonnyfox-2560050450-blanca--1-.jpg?v=638049255494670000,$12.00,nino
Camiseta Utra Sneak,https://superexitoec.vteximg.com.br/arquivos/ids/156947-500-500/camiseta-ultra-sneak-8420961364-hueso--1-.jpg?v=638049247282000000,$15.99,nino
